الشهر,عدد الايتام,الرصيد الافتتاحي,الميزانيه,الفعلي,المتبقي,,الشهر,عدد الايتام,الرصيد الافتتاحي,الميزانيه,الفعلي,المتبقي,,,,,,,
٠١-Oct-٢٠٢٠,56,0,5600,1000,4600,,٠١-Oct-٢٠٢٠,56,0,5600,5500,100,,,,,,,
٠١-Nov-٢٠٢٠,57,4600,5700,,10300,,٠١-Nov-٢٠٢٠,57,100,5700,5700,100,,,,,,,
٠١-Dec-٢٠٢٠,57,10300,5700,,16000,,٠١-Dec-٢٠٢٠,57,100,5700,5700,100,,,,,,,
٠١-Jan-٢٠٢١,57,16000,5700,,21700,,٠١-Jan-٢٠٢١,57,100,5700,5700,100,,,,,,,
٠١-Feb-٢٠٢١,71,21700,7100,,28800,,٠١-Feb-٢٠٢١,71,100,7100,7100,100,,,,,,,
٠١-Mar-٢٠٢١,73,28800,7300,,36100,,٠١-Mar-٢٠٢١,73,100,7300,7300,100,,,,,,,
٠١-Apr-٢٠٢١,76,36100,,,43700,,٠١-Apr-٢٠٢١,76,100,7600,7600,100,,,,,,,
٠١-May-٢٠٢١,84,43700,8400,4200,47900,,٠١-May-٢٠٢١,84,100,8400,8400,100,,,,,,,
٠١-Jun-٢٠٢١,84,47900,8400,0,56300,,٠١-Jun-٢٠٢١,84,100,8400,8400,100,,,,,,,
٠١-Jul-٢٠٢١,84,56300,8400,4200,60500,,٠١-Jul-٢٠٢١,84,100,8400,8400,100,,,,,,,
٠١-Aug-٢٠٢١,85,60500,8500,,69000,,٠١-Aug-٢٠٢١,85,100,8500,8500,100,,,,,,,
٠١-Sep-٢٠٢١,85,69000,8500,,77500,,٠١-Sep-٢٠٢١,85,100,8500,8500,100,,,,,,,
٠١-Oct-٢٠٢١,85,77500,8500,,86000,,٠١-Oct-٢٠٢١,85,100,8500,8500,100,,,,,,,
٠١-Nov-٢٠٢١,85,86000,8500,,94500,,٠١-Nov-٢٠٢١,85,100,8500,8500,100,,,,,,,
٠١-Dec-٢٠٢١,85,94500,8500,,103000,,٠١-Dec-٢٠٢١,85,100,8500,8500,100,,,,,,,
٠١-Jan-٢٠٢٢,85,103000,8500,,111500,,٠١-Jan-٢٠٢٢,85,100,8500,8500,100,,,,,,,
٠١-Feb-٢٠٢٢,90,111500,9000,125,120375,,٠١-Feb-٢٠٢٢,90,100,9000,9000,100,,,,,,,
٠١-Mar-٢٠٢٢,90,120375,9000,600,128775,,٠١-Mar-٢٠٢٢,90,100,9000,9000,100,,,,,,,
٠١-Apr-٢٠٢٢,101,128775,10100,11220,127655,,٠١-Apr-٢٠٢٢,101,100,10100,10100,100,,,,,,,
٠١-May-٢٠٢٢,114,127655,11400,3195,135860,,٠١-May-٢٠٢٢,114,100,11400,11400,100,,,,,,,
٠١-Jun-٢٠٢٢,116,135860,11600,2320,145140,,٠١-Jun-٢٠٢٢,116,100,11600,11600,100,,,,,,,
٠١-Jul-٢٠٢٢,130,145140,13000,8400,149740,,٠١-Jul-٢٠٢٢,130,100,13000,13000,100,,,,,,,
٠١-Aug-٢٠٢٢,130,149740,13000,4430,158310,,٠١-Aug-٢٠٢٢,130,100,13000,13000,100,,,,,,,
٠٢-Sep-٢٠٢٢,130,158310,13000,5180,166130,,٠٢-Sep-٢٠٢٢,130,100,13000,13000,100,,,,,,,
٠١-Oct-٢٠٢٢,134,166130,2010,,168140,,٠١-Oct-٢٠٢٢,134,100,20100,20100,100,,,,,,,
٠٢-Nov-٢٠٢٢,134,168140,2010,,170150,,٠٢-Nov-٢٠٢٢,134,100,20100,20100,100,,,,,,,
٠٣-Dec-٢٠٢٢,134,170150,2010,,172160,,٠٣-Dec-٢٠٢٢,134,100,20100,20100,100,,,,,,,
٠٤-Jan-٢٠٢٣,139,172160,2085,,174245,,٠٤-Jan-٢٠٢٣,139,100,20850,20850,100,,,,,,,
٠٤-Feb-٢٠٢٣,139,174245,2085,,176330,,٠٤-Feb-٢٠٢٣,139,100,20850,20850,100,,,,,,,
٠٥-Mar-٢٠٢٣,142,176330,2130,,178460,,٠٥-Mar-٢٠٢٣,142,100,42600,42600,100,,,,,,,
٠٦-Apr-٢٠٢٣,144,178460,2160,,180620,,٠٦-Apr-٢٠٢٣,144,100,43200,43200,100,,,,,,,
٠٦-May-٢٠٢٣,155,180620,2325,,182945,,٠٦-May-٢٠٢٣,155,100,46500,46500,100,,,,,,,
٠٧-Jun-٢٠٢٣,155,182945,2325,,185270,,٠٧-Jun-٢٠٢٣,155,100,46500,46500,100,,,,,,,
٠٧-Jul-٢٠٢٣,155,185270,2325,,187595,,٠٧-Jul-٢٠٢٣,155,100,46500,46500,100,,,,,,,
٠٨-Aug-٢٠٢٣,150,187595,2250,,189845,,٠٨-Aug-٢٠٢٣,150,100,45000,45000,100,,,,,,,
٠٩-Sep-٢٠٢٣,153,189845,2295,,192140,,٠٩-Sep-٢٠٢٣,153,100,45900,45900,100,,,,,,,
١٠-Oct-٢٠٢٣,157,192140,2355,2400,192095,,١٠-Oct-٢٠٢٣,157,100,47100,47100,100,,,,,,,
١١-Nov-٢٠٢٣,160,192095,2400,735,193760,,١١-Nov-٢٠٢٣,160,100,72000,72000,100,,,,,,,
١٢-Dec-٢٠٢٣,161,193760,2415,450,195725,,١٢-Dec-٢٠٢٣,161,100,72450,66040,6510,,,,,,,
١٣-Jan-٢٠٢٤,162,195725,2430,,198155,,١٣-Jan-٢٠٢٤,162,6510,72900,72900,6510,,,,,,,
١٤-Feb-٢٠٢٤,162,198155,2430,120,200465,,١٤-Feb-٢٠٢٤,162,6510,72900,72900,6510,,,,,,,
١٥-Mar-٢٠٢٤,162,200465,2430,1100,201795,,١٥-Mar-٢٠٢٤,162,6510,164916,164920,6506,,,,,,,
١٦-Apr-٢٠٢٤,162,201795,2430,700,203525,,١٦-Apr-٢٠٢٤,162,6506,72900,72900,6506,,,,,,,
١٦-May-٢٠٢٤,158,203525,2370,350,205545,,١٦-May-٢٠٢٤,158,6506,71100,71100,6506,,,,,,,
١٧-Jun-٢٠٢٤,155,205545,2325,500,207370,,١٧-Jun-٢٠٢٤,155,6506,69750,69750,6506,,,,,,,
١٨-Jul-٢٠٢٤,155,207370,2325,1850,207845,,١٨-Jul-٢٠٢٤,155,6506,69750,69750,6506,,,,,,,
١٩-Aug-٢٠٢٤,155,207845,2325,,210170,,١٩-Aug-٢٠٢٤,155,6506,69750,69750,6506,,,,,,,
٢٠-Sep-٢٠٢٤,155,210170,2325,815,211680,,٢٠-Sep-٢٠٢٤,155,6506,69750,69750,6506,,,,,,,
٢١-Oct-٢٠٢٤,155,211680,2325,,214005,,٢١-Oct-٢٠٢٤,155,6506,69750,69750,6506,,,,,,,
٢٢-Nov-٢٠٢٤,155,214005,2325,,216330,,٢٢-Nov-٢٠٢٤,155,6506,69750,69750,6506,,,,,,,
٢٣-Dec-٢٠٢٤,155,216330,2325,3500,215155,,٢٣-Dec-٢٠٢٤,155,6506,69750,69750,6506,,,,,,,
٢٤-Jan-٢٠٢٥,155,215155,2325,1465,216015,,٢٤-Jan-٢٠٢٥,155,6506,69750,69750,6506,,,,,,,
٢٥-Feb-٢٠٢٥,155,216015,2325,,218340,,٢٥-Feb-٢٠٢٥,155,6506,69750,69750,6506,,,,,,,
٢٦-Mar-٢٠٢٥,155,218340,2325,,220665,,٢٦-Mar-٢٠٢٥,155,6506,69750,168113,-91857,,,,,,,
٢٧-Apr-٢٠٢٥,156,220665,2340,2100,220905,,٢٧-Apr-٢٠٢٥,156,-91857,70200,70200,-91857,,,,,,,
٠٥-May-٢٠٢٥,156,220905,2340,800,222445,,٠٥-May-٢٠٢٥,156,-91857,70200,70200,-91857,,,,,,,
٠٥-Jun-٢٠٢٥,156,222445,2340,,224785,,٠٥-Jun-٢٠٢٥,156,-91857,70200,140400,-162057,,,,,,,
٠٦-Jul-٢٠٢٥,156,224785,2340,,227125,,٠٦-Jul-٢٠٢٥,156,-162057,70200,70200,-162057,,,,,,,
٠٦-Aug-٢٠٢٥,156,227125,2340,2850,226615,,٠٦-Aug-٢٠٢٥,156,-162057,70200,70200,-162057,,,,,,,
٠٦-Sep-٢٠٢٥,157,226615,2355,,228970,,٠٦-Sep-٢٠٢٥,157,-162057,70650,70650,-162057,,,,,,,
٠٧-Oct-٢٠٢٥,157,228970,2355,,231325,,٠٧-Oct-٢٠٢٥,157,-162057,70650,70650,-162057,,,,,,,
٠٨-Nov-٢٠٢٥,157,231325,2355,800,232880,,٠٨-Nov-٢٠٢٥,157,-162057,70650,70650,-162057,,,,,,,
٠٨-Dec-٢٠٢٥,157,232880,2355,,235235,,٠٨-Dec-٢٠٢٥,157,-162057,70650,70650,-162057,,,,,,,
٠١-Jan-٢٠٢٦,157,235235,2355,,237590,,٠١-Jan-٢٠٢٦,157,-162057,70650,70650,-162057,,,,,,,
٠١-Feb-٢٠٢٦,157,237590,2355,2400,237545,,٠١-Feb-٢٠٢٦,157,-162057,70650,150880,-242287,,,,,,,
٠١-Mar-٢٠٢٦,157,237545,2355,,239900,,٠١-Mar-٢٠٢٦,157,-242287,70650,70650,-242287,,,,,,,
٠١-Apr-٢٠٢٦,161,239900,2415,,242315,,٠١-Apr-٢٠٢٦,161,-242287,72450,72450,-242287,,,,,,,
٠١-May-٢٠٢٦,161,242315,2415,,244730,,٠١-May-٢٠٢٦,161,-242287,72450,144900,-314737,,,,,,,
٠٢-Jun-٢٠٢٦,161,244730,2415,,247145,,٠٢-Jun-٢٠٢٦,161,-314737,72450,72450,-314737,,,,,,,
٠١-Jul-٢٠٢٦,161,247145,2415,,249560,,٠١-Jul-٢٠٢٦,161,-314737,72450,72450,-314737,,,,,,,
٠١-Aug-٢٠٢٦,163,249560,2445,,252005,,٠١-Aug-٢٠٢٦,163,-314737,73350,73350,-314737,,,,,,,
,,,,,,,,,,,,,,,,,,,
الشهر,عدد الايتام,الرصيد الافتتاحي,الميزانيه,الفعلي,المتبقي,,الشهر,عدد الايتام,الرصيد الافتتاحي,الميزانيه,الفعلي,المتبقي,,,,,,,
٠١-Oct-٢٠٢٠,56,,2800,,2800,,٠١-Oct-٢٠٢٠,56,0,1680,5580,-3900,,,,,,,
٠١-Nov-٢٠٢٠,57,2800,2850,17780,-12130,,٠١-Nov-٢٠٢٠,57,-3900,1710,0,-2190,,,,,,,
٠١-Dec-٢٠٢٠,57,-12130,2850,0,-9280,,٠١-Dec-٢٠٢٠,57,-2190,1710,0,-480,,,,,,,
٠١-Jan-٢٠٢١,57,-9280,2850,0,-6430,,٠١-Jan-٢٠٢١,57,-480,1710,0,1230,,,,,,,
٠١-Feb-٢٠٢١,71,-6430,3550,0,-2880,,٠١-Feb-٢٠٢١,71,1230,2130,9500,-6140,,,,,,,
٠١-Mar-٢٠٢١,73,-2880,3650,,770,,٠١-Mar-٢٠٢١,73,-6140,2190,0,-3950,,,,,,,
٠١-Apr-٢٠٢١,76,770,3800,28500,-23930,,٠١-Apr-٢٠٢١,76,-3950,2280,0,-1670,,,,,,,
٠١-May-٢٠٢١,84,-23930,4200,0,-19730,,٠١-May-٢٠٢١,84,-1670,2520,0,850,,,,,,,
٠١-Jun-٢٠٢١,84,-19730,4200,0,-15530,,٠١-Jun-٢٠٢١,84,850,2520,0,3370,,,,,,,
٠١-Jul-٢٠٢١,84,-15530,4200,0,-11330,,٠١-Jul-٢٠٢١,84,3370,2520,0,5890,,,,,,,
٠١-Aug-٢٠٢١,85,-11330,4250,0,-7080,,٠١-Aug-٢٠٢١,85,5890,2550,0,8440,,,,,,,
٠١-Sep-٢٠٢١,85,-7080,4250,0,-2830,,٠١-Sep-٢٠٢١,85,8440,2550,10320,670,,,,,,,
٠١-Oct-٢٠٢١,85,-2830,4250,31035,-29615,,٠١-Oct-٢٠٢١,85,670,2550,0,3220,,,,,,,
٠١-Nov-٢٠٢١,85,-29615,4250,0,-25365,,٠١-Nov-٢٠٢١,85,3220,2550,0,5770,,,,,,,
٠١-Dec-٢٠٢١,85,-25365,4250,0,-21115,,٠١-Dec-٢٠٢١,85,5770,2550,,8320,,,,,,,
٠١-Jan-٢٠٢٢,85,-21115,4250,0,-16865,,٠١-Jan-٢٠٢٢,85,8320,2550,,10870,,,,,,,
٠١-Feb-٢٠٢٢,90,-16865,4500,0,-12365,,٠١-Feb-٢٠٢٢,90,10870,2700,2850,10720,,,,,,,
٠١-Mar-٢٠٢٢,90,-12365,4500,0,-7865,,٠١-Mar-٢٠٢٢,90,10720,2700,1800,11620,,,,,,,
٠١-Apr-٢٠٢٢,101,-7865,5050,38370,-41185,,٠١-Apr-٢٠٢٢,101,11620,3030,0,14650,,,,,,,
٠١-May-٢٠٢٢,114,-41185,5700,,-35485,,٠١-May-٢٠٢٢,114,14650,3420,,18070,,,,,,,
٠١-Jun-٢٠٢٢,116,-35485,5800,,-29685,,٠١-Jun-٢٠٢٢,116,18070,3480,,21550,,,,,,,
٠١-Jul-٢٠٢٢,130,-29685,6500,,-23185,,٠١-Jul-٢٠٢٢,130,21550,3900,,25450,,,,,,,
٠١-Aug-٢٠٢٢,130,-23185,6500,,-16685,,٠١-Aug-٢٠٢٢,130,25450,3900,,29350,,,,,,,
٠٢-Sep-٢٠٢٢,130,-16685,6500,,-10185,,٠٢-Sep-٢٠٢٢,130,29350,3900,20781,12469,,,,,,,
٠١-Oct-٢٠٢٢,134,-10185,9380,43925,-44730,,٠١-Oct-٢٠٢٢,134,12469,3350,,15819,,,,,,,
٠٢-Nov-٢٠٢٢,134,-44730,9380,0,-35350,,٠٢-Nov-٢٠٢٢,134,15819,3350,,19169,,,,,,,
٠٣-Dec-٢٠٢٢,134,-35350,9380,,-25970,,٠٣-Dec-٢٠٢٢,134,19169,3350,,22519,,,,,,,
٠٤-Jan-٢٠٢٣,139,-25970,9730,,-16240,,٠٤-Jan-٢٠٢٣,139,22519,3475,,25994,,,,,,,
٠٤-Feb-٢٠٢٣,139,-16240,9730,,-6510,,٠٤-Feb-٢٠٢٣,139,25994,3475,10543,18926,,,,,,,
٠٥-Mar-٢٠٢٣,142,-6510,9940,,3430,,٠٥-Mar-٢٠٢٣,142,18926,3550,,22476,,,,,,,
٠٦-Apr-٢٠٢٣,144,3430,10080,"58,834",-45324.08,,٠٦-Apr-٢٠٢٣,144,22476,3600,,26076,,,,,,,
٠٦-May-٢٠٢٣,155,-45324.08,10850,,-34474.08,,٠٦-May-٢٠٢٣,155,26076,3875,,29951,,,,,,,
٠٧-Jun-٢٠٢٣,155,-34474.08,10850,,-23624.08,,٠٧-Jun-٢٠٢٣,155,29951,3875,,33826,,,,,,,
٠٧-Jul-٢٠٢٣,155,-23624.08,10850,,-12774.08,,٠٧-Jul-٢٠٢٣,155,33826,3875,,37701,,,,,,,
٠٨-Aug-٢٠٢٣,150,-12774.08,10500,,-2274.08,,٠٨-Aug-٢٠٢٣,150,37701,3750,31850,9601,,,,,,,
٠٩-Sep-٢٠٢٣,153,-2274.08,10710,,8435.92,,٠٩-Sep-٢٠٢٣,153,9601,3825,675,12751,,,,,,,
١٠-Oct-٢٠٢٣,157,8435.92,10990,66244,-46818.08,,١٠-Oct-٢٠٢٣,157,12751,3925,7850,8826,,,,,,,
١١-Nov-٢٠٢٣,160,-46818.08,16000,,-30818.08,,١١-Nov-٢٠٢٣,160,8826,8000,,16826,,,,,,,
١٢-Dec-٢٠٢٣,161,-30818.08,16100,,-14718.08,,١٢-Dec-٢٠٢٣,161,16826,8050,,24876,,,,,,,
١٣-Jan-٢٠٢٤,162,-14718.08,16200,,1481.92,,١٣-Jan-٢٠٢٤,162,24876,8100,13535,19441,,,,,,,
١٤-Feb-٢٠٢٤,162,1481.92,16200,,17681.92,,١٤-Feb-٢٠٢٤,162,19441,8100,,27541,,,,,,,
١٥-Mar-٢٠٢٤,162,17681.92,16200,,33881.92,,١٥-Mar-٢٠٢٤,162,27541,8100,,35641,,,,,,,
١٦-Apr-٢٠٢٤,162,33881.92,16200,82183,-32101.08,,١٦-Apr-٢٠٢٤,162,35641,8100,,43741,,,,,,,
١٦-May-٢٠٢٤,158,-32101.08,15800,,-16301.08,,١٦-May-٢٠٢٤,158,43741,7900,,51641,,,,,,,
١٧-Jun-٢٠٢٤,155,-16301.08,15500,,-801.08,,١٧-Jun-٢٠٢٤,155,51641,7750,,59391,,,,,,,
١٨-Jul-٢٠٢٤,155,-801.08,15500,,14698.92,,١٨-Jul-٢٠٢٤,155,59391,7750,,67141,,,,,,,
١٩-Aug-٢٠٢٤,155,14698.92,15500,,30198.92,,١٩-Aug-٢٠٢٤,155,67141,7750,,74891,,,,,,,
٢٠-Sep-٢٠٢٤,155,30198.92,15500,76725,-31026.08,,٢٠-Sep-٢٠٢٤,155,74891,7750,44890,37751,,,,,,,
٢١-Oct-٢٠٢٤,155,-31026.08,15500,,-15526.08,,٢١-Oct-٢٠٢٤,155,37751,7750,,45501,,,,,,,
٢٢-Nov-٢٠٢٤,155,-15526.08,15500,,-26.08,,٢٢-Nov-٢٠٢٤,155,45501,7750,,53251,,,,,,,
٢٣-Dec-٢٠٢٤,155,-26.08,15500,,15473.92,,٢٣-Dec-٢٠٢٤,155,53251,7750,,61001,,,,,,,
٢٤-Jan-٢٠٢٥,155,15473.92,15500,,30973.92,,٢٤-Jan-٢٠٢٥,155,61001,7750,,68751,,,,,,,
٢٥-Feb-٢٠٢٥,155,30973.92,15500,,46473.92,,٢٥-Feb-٢٠٢٥,155,68751,7750,20150,56351,,,,,,,
٢٦-Mar-٢٠٢٥,155,46473.92,15500,95000,-33026.08,,٢٦-Mar-٢٠٢٥,155,56351,7750,,64101,,,,,,,
٢٧-Apr-٢٠٢٥,156,-33026.08,15600,,-17426.08,,٢٧-Apr-٢٠٢٥,156,64101,7800,,71901,,,,,,,
٠٥-May-٢٠٢٥,156,-17426.08,15600,,-1826.08,,٠٥-May-٢٠٢٥,156,71901,7800,,79701,,,,,,,
٠٥-Jun-٢٠٢٥,156,-1826.08,15600,,13773.92,,٠٥-Jun-٢٠٢٥,156,79701,7800,,87501,,,,,,,
٠٦-Jul-٢٠٢٥,156,13773.92,15600,,29373.92,,٠٦-Jul-٢٠٢٥,156,87501,7800,,95301,,,,,,,
٠٦-Aug-٢٠٢٥,156,29373.92,15600,,44973.92,,٠٦-Aug-٢٠٢٥,156,95301,7800,,103101,,,,,,,
٠٦-Sep-٢٠٢٥,157,44973.92,15700,91845,-31171.08,,٠٦-Sep-٢٠٢٥,157,103101,7850,53537,57414,,,,,,,
٠٧-Oct-٢٠٢٥,157,-31171.08,15700,,-15471.08,,٠٧-Oct-٢٠٢٥,157,57414,7850,,65264,,,,,,,
٠٨-Nov-٢٠٢٥,157,-15471.08,15700,,228.92,,٠٨-Nov-٢٠٢٥,157,65264,7850,,73114,,,,,,,
٠٨-Dec-٢٠٢٥,157,228.92,15700,,15928.92,,٠٨-Dec-٢٠٢٥,157,73114,7850,,80964,,,,,,,
٠١-Jan-٢٠٢٦,157,15928.92,15700,,31628.92,,٠١-Jan-٢٠٢٦,157,80964,7850,14200,74614,,,,,,,
٠١-Feb-٢٠٢٦,157,31628.92,15700,,47328.92,,٠١-Feb-٢٠٢٦,157,74614,7850,,82464,,,,,,,
٠١-Mar-٢٠٢٦,157,47328.92,15700,105190,-42161.08,,٠١-Mar-٢٠٢٦,157,82464,7850,,90314,,,,,,,
٠١-Apr-٢٠٢٦,161,-42161.08,16100,,-26061.08,,٠١-Apr-٢٠٢٦,161,90314,8050,,98364,,,,,,,
٠١-May-٢٠٢٦,161,-26061.08,16100,,-9961.08,,٠١-May-٢٠٢٦,161,98364,8050,,106414,,,,,,,
٠٢-Jun-٢٠٢٦,161,-9961.08,16100,,6138.92,,٠٢-Jun-٢٠٢٦,161,106414,8050,,114464,,,,,,,
٠١-Jul-٢٠٢٦,161,6138.92,16100,,22238.92,,٠١-Jul-٢٠٢٦,161,114464,8050,,122514,,,,,,,
٠١-Aug-٢٠٢٦,163,22238.92,16300,,38538.92,,٠١-Aug-٢٠٢٦,163,122514,8150,,130664,,,,,,,
,,,,,,,,,,,,,,,,,,,
الشهر,عدد الايتام,الرصيد الافتتاحي,الميزانيه,الفعلي,المتبقي,,الشهر,عدد الايتام,الرصيد الافتتاحي,الميزانيه,الفعلي,المتبقي,,الشهر,عدد الايتام,الرصيد الافتتاحي,الميزانيه,الفعلي,المتبقي
٠١-Oct-٢٠٢٠,56,,,,,,٠١-Oct-٢٠٢٠,56,,,,,,٠١-Oct-٢٠٢٠,56,0,15680,12080,3600
٠١-Nov-٢٠٢٠,57,,,,,,٠١-Nov-٢٠٢٠,57,,,,,,٠١-Nov-٢٠٢٠,57,3600,15960,23480,-3920
٠١-Dec-٢٠٢٠,57,,,,,,٠١-Dec-٢٠٢٠,57,,,,,,٠١-Dec-٢٠٢٠,57,-3920,15960,5700,6340
٠١-Jan-٢٠٢١,57,,,,,,٠١-Jan-٢٠٢١,57,,,,,,٠١-Jan-٢٠٢١,57,6340,15960,5700,16600
٠١-Feb-٢٠٢١,71,,,,,,٠١-Feb-٢٠٢١,71,,,,,,٠١-Feb-٢٠٢١,71,16600,19880,16600,19880
٠١-Mar-٢٠٢١,73,,,,,,٠١-Mar-٢٠٢١,73,,,,,,٠١-Mar-٢٠٢١,73,19880,20440,7300,33020
٠١-Apr-٢٠٢١,76,,,,,,٠١-Apr-٢٠٢١,76,,,,,,٠١-Apr-٢٠٢١,76,33020,21280,36100,18200
٠١-May-٢٠٢١,84,,,,,,٠١-May-٢٠٢١,84,,,,,,٠١-May-٢٠٢١,84,18200,23520,12600,29120
٠١-Jun-٢٠٢١,84,,,,,,٠١-Jun-٢٠٢١,84,,,,,,٠١-Jun-٢٠٢١,84,29120,23520,8400,44240
٠١-Jul-٢٠٢١,84,,,,,,٠١-Jul-٢٠٢١,84,,,,,,٠١-Jul-٢٠٢١,84,44240,23520,12600,55160
٠١-Aug-٢٠٢١,85,,,,,,٠١-Aug-٢٠٢١,85,,,,,,٠١-Aug-٢٠٢١,85,55160,23800,8500,70460
٠١-Sep-٢٠٢١,85,,,,,,٠١-Sep-٢٠٢١,85,,,,,,٠١-Sep-٢٠٢١,85,70460,23800,18820,75440
٠١-Oct-٢٠٢١,85,,,,,,٠١-Oct-٢٠٢١,85,,,,,,٠١-Oct-٢٠٢١,85,75440,23800,39535,59705
٠١-Nov-٢٠٢١,85,,,,,,٠١-Nov-٢٠٢١,85,,,,,,٠١-Nov-٢٠٢١,85,59705,23800,8500,75005
٠١-Dec-٢٠٢١,85,,,,,,٠١-Dec-٢٠٢١,85,,,,,,٠١-Dec-٢٠٢١,85,75005,23800,8500,90305
٠١-Jan-٢٠٢٢,85,,,,,,٠١-Jan-٢٠٢٢,85,,,,,,٠١-Jan-٢٠٢٢,85,90305,23800,8500,105605
٠١-Feb-٢٠٢٢,90,,,,,,٠١-Feb-٢٠٢٢,90,,,,,,٠١-Feb-٢٠٢٢,90,105605,25200,11975,118830
٠١-Mar-٢٠٢٢,90,,,,,,٠١-Mar-٢٠٢٢,90,,,,,,٠١-Mar-٢٠٢٢,90,118830,25200,11400,132630
٠١-Apr-٢٠٢٢,101,,,,,,٠١-Apr-٢٠٢٢,101,,,,,,٠١-Apr-٢٠٢٢,101,132630,28280,59690,101220
٠١-May-٢٠٢٢,114,,,,,,٠١-May-٢٠٢٢,114,,,,,,٠١-May-٢٠٢٢,114,101220,31920,14595,118545
٠١-Jun-٢٠٢٢,116,,,,,,٠١-Jun-٢٠٢٢,116,,,,,,٠١-Jun-٢٠٢٢,116,118545,32480,13920,137105
٠١-Jul-٢٠٢٢,130,,,,,,٠١-Jul-٢٠٢٢,130,,,,,,٠١-Jul-٢٠٢٢,130,137105,36400,21400,152105
٠١-Aug-٢٠٢٢,130,,,,,,٠١-Aug-٢٠٢٢,130,,,,,,٠١-Aug-٢٠٢٢,130,152105,36400,17430,171075
٠٢-Sep-٢٠٢٢,130,,,,,,٠٢-Sep-٢٠٢٢,130,,,,,,٠٢-Sep-٢٠٢٢,130,171075,36400,38961,168514
٠١-Oct-٢٠٢٢,134,0,8710,2680,6030,,٠١-Oct-٢٠٢٢,134,0,3350,,3350,,٠١-Oct-٢٠٢٢,134,168514,46900,66705,148709
٠٢-Nov-٢٠٢٢,134,6030,8710,3610,11130,,٠٢-Nov-٢٠٢٢,134,3350,3350,,6700,,٠٢-Nov-٢٠٢٢,134,148709,46900,23710,171899
٠٣-Dec-٢٠٢٢,134,11130,8710,3655,16185,,٠٣-Dec-٢٠٢٢,134,6700,3350,,10050,,٠٣-Dec-٢٠٢٢,134,171899,46900,23755,195044
٠٤-Jan-٢٠٢٣,139,16185,9035,3740,21480,,٠٤-Jan-٢٠٢٣,139,10050,3475,,13525,,٠٤-Jan-٢٠٢٣,139,195044,48650,24590,219104
٠٤-Feb-٢٠٢٣,139,21480,9035,3680,26835,,٠٤-Feb-٢٠٢٣,139,13525,3475,8576,8424,,٠٤-Feb-٢٠٢٣,139,219104,48650,43649,224105
٠٥-Mar-٢٠٢٣,142,26835,9230,3775,32290,,٠٥-Mar-٢٠٢٣,142,8424,3550,,11974,,٠٥-Mar-٢٠٢٣,142,224105,71000,46375,248730
٠٦-Apr-٢٠٢٣,144,32290,9360,2880,38770,,٠٦-Apr-٢٠٢٣,144,11974,3600,7200,8374,,٠٦-Apr-٢٠٢٣,144,248730,72000,112114.08,208615.92
٠٦-May-٢٠٢٣,155,38770,10075,4855,43990,,٠٦-May-٢٠٢٣,155,8374,3875,,12249,,٠٦-May-٢٠٢٣,155,208615.92,77500,51355,234760.92
٠٧-Jun-٢٠٢٣,155,43990,10075,4255,49810,,٠٧-Jun-٢٠٢٣,155,12249,3875,7750,8374,,٠٧-Jun-٢٠٢٣,155,234760.92,77500,58505,253755.92
٠٧-Jul-٢٠٢٣,155,49810,10075,4195,55690,,٠٧-Jul-٢٠٢٣,155,8374,3875,,12249,,٠٧-Jul-٢٠٢٣,155,253755.92,77500,50695,280560.92
٠٨-Aug-٢٠٢٣,150,55690,9750,4320,61120,,٠٨-Aug-٢٠٢٣,150,12249,3750,700,15299,,٠٨-Aug-٢٠٢٣,150,280560.92,75000,81870,273690.92
٠٩-Sep-٢٠٢٣,153,61120,9945,4170,66895,,٠٩-Sep-٢٠٢٣,153,15299,3825,12124,7000,,٠٩-Sep-٢٠٢٣,153,273690.92,76500,62869,287321.92
١٠-Oct-٢٠٢٣,157,66895,10205,4805,72295,,١٠-Oct-٢٠٢٣,157,7000,3925,,10925,,١٠-Oct-٢٠٢٣,157,287321.92,78500,128399,237422.92
١١-Nov-٢٠٢٣,160,72295,10400,6920,75775,,١١-Nov-٢٠٢٣,160,10925,8000,,18925,,١١-Nov-٢٠٢٣,160,237422.92,116800,79655,274567.92
١٢-Dec-٢٠٢٣,161,75775,10465,6925,79315,,١٢-Dec-٢٠٢٣,161,18925,8050,,26975,,١٢-Dec-٢٠٢٣,161,274567.92,117530,73415,318682.92
١٣-Jan-٢٠٢٤,162,79315,10530,7005,82840,,١٣-Jan-٢٠٢٤,162,26975,8100,,35075,,١٣-Jan-٢٠٢٤,162,318682.92,118260,93440,343502.92
١٤-Feb-٢٠٢٤,162,82840,10530,6945,86425,,١٤-Feb-٢٠٢٤,162,35075,8100,,43175,,١٤-Feb-٢٠٢٤,162,343502.92,118260,79965,381797.92
١٥-Mar-٢٠٢٤,162,86425,10530,6960,89995,,١٥-Mar-٢٠٢٤,162,43175,8100,16002,35273,,١٥-Mar-٢٠٢٤,162,381797.92,210276,188982,403091.92
١٦-Apr-٢٠٢٤,162,89995,10530,6945,93580,,١٦-Apr-٢٠٢٤,162,35273,8100,16200,27173,,١٦-Apr-٢٠٢٤,162,403091.92,118260,178928,342423.92
١٦-May-٢٠٢٤,158,93580,10270,6730,97120,,١٦-May-٢٠٢٤,158,27173,7900,,35073,,١٦-May-٢٠٢٤,158,342423.92,115340,78180,379583.92
١٧-Jun-٢٠٢٤,155,97120,10075,6625,100570,,١٧-Jun-٢٠٢٤,155,35073,7750,15500,27323,,١٧-Jun-٢٠٢٤,155,379583.92,113150,92375,400358.92
١٨-Jul-٢٠٢٤,155,100570,10075,6655,103990,,١٨-Jul-٢٠٢٤,155,27323,7750,,35073,,١٨-Jul-٢٠٢٤,155,400358.92,113150,78255,435253.92
١٩-Aug-٢٠٢٤,155,103990,10075,6505,107560,,١٩-Aug-٢٠٢٤,155,35073,7750,16455,26368,,١٩-Aug-٢٠٢٤,155,435253.92,113150,92710,455693.92
٢٠-Sep-٢٠٢٤,155,107560,10075,6640,110995,,٢٠-Sep-٢٠٢٤,155,26368,7750,14900,19218,,٢٠-Sep-٢٠٢٤,155,455693.92,113150,213720,355123.92
٢١-Oct-٢٠٢٤,155,110995,10075,6700,114370,,٢١-Oct-٢٠٢٤,155,19218,7750,,26968,,٢١-Oct-٢٠٢٤,155,355123.92,113150,76450,391823.92
٢٢-Nov-٢٠٢٤,155,114370,10075,6520,117925,,٢٢-Nov-٢٠٢٤,155,26968,7750,,34718,,٢٢-Nov-٢٠٢٤,155,391823.92,113150,76270,428703.92
٢٣-Dec-٢٠٢٤,155,117925,10075,6700,121300,,٢٣-Dec-٢٠٢٤,155,34718,7750,,42468,,٢٣-Dec-٢٠٢٤,155,428703.92,113150,79950,461903.92
٢٤-Jan-٢٠٢٥,155,121300,10075,6775,124600,,٢٤-Jan-٢٠٢٥,155,42468,7750,,50218,,٢٤-Jan-٢٠٢٥,155,461903.92,113150,77990,497063.92
٢٥-Feb-٢٠٢٥,155,124600,10075,6745,127930,,٢٥-Feb-٢٠٢٥,155,50218,7750,,57968,,٢٥-Feb-٢٠٢٥,155,497063.92,113150,96645,513568.92
٢٦-Mar-٢٠٢٥,155,127930,10075,6850,131155,,٢٦-Mar-٢٠٢٥,155,57968,7750,7750,57968,,٢٦-Mar-٢٠٢٥,155,513568.92,113150,277713,349005.92
٢٧-Apr-٢٠٢٥,156,131155,10140,6585,134710,,٢٧-Apr-٢٠٢٥,156,57968,7800,20925,44843,,٢٧-Apr-٢٠٢٥,156,349005.92,113880,99810,363075.92
٠٥-May-٢٠٢٥,156,134710,10140,6760,138090,,٠٥-May-٢٠٢٥,156,44843,7800,,52643,,٠٥-May-٢٠٢٥,156,363075.92,113880,77760,399195.92
٠٥-Jun-٢٠٢٥,156,138090,10140,6645,141585,,٠٥-Jun-٢٠٢٥,156,52643,7800,15600,44843,,٠٥-Jun-٢٠٢٥,156,399195.92,113880,162645,350430.92
٠٦-Jul-٢٠٢٥,156,141585,10140,6705,145020,,٠٦-Jul-٢٠٢٥,156,44843,7800,,52643,,٠٦-Jul-٢٠٢٥,156,350430.92,113880,76905,387405.92
٠٦-Aug-٢٠٢٥,156,145020,10140,6840,148320,,٠٦-Aug-٢٠٢٥,156,52643,7800,,60443,,٠٦-Aug-٢٠٢٥,156,387405.92,113880,79890,421395.92
٠٦-Sep-٢٠٢٥,157,148320,10205,6830,151695,,٠٦-Sep-٢٠٢٥,157,60443,7850,20000,48293,,٠٦-Sep-٢٠٢٥,157,421395.92,114610,242862,293143.92
٠٧-Oct-٢٠٢٥,157,151695,10205,6720,155180,,٠٧-Oct-٢٠٢٥,157,48293,7850,,56143,,٠٧-Oct-٢٠٢٥,157,293143.92,114610,77370,330383.92
٠٨-Nov-٢٠٢٥,157,155180,10205,6830,158555,,٠٨-Nov-٢٠٢٥,157,56143,7850,,63993,,٠٨-Nov-٢٠٢٥,157,330383.92,114610,78280,366713.92
٠٨-Dec-٢٠٢٥,157,158555,10205,6830,161930,,٠٨-Dec-٢٠٢٥,157,63993,7850,,71843,,٠٨-Dec-٢٠٢٥,157,366713.92,114610,77480,403843.92
٠١-Jan-٢٠٢٦,157,161930,10205,6725,165410,,٠١-Jan-٢٠٢٦,157,71843,7850,,79693,,٠١-Jan-٢٠٢٦,157,403843.92,114610,91575,426878.92
٠١-Feb-٢٠٢٦,157,165410,10205,6905,168710,,٠١-Feb-٢٠٢٦,157,79693,7850,,87543,,٠١-Feb-٢٠٢٦,157,426878.92,114610,160185,381303.92
٠١-Mar-٢٠٢٦,157,168710,10205,6725,172190,,٠١-Mar-٢٠٢٦,157,87543,7850,37680,57713,,٠١-Mar-٢٠٢٦,157,381303.92,114610,220245,275668.92
٠١-Apr-٢٠٢٦,161,172190,10465,6910,175745,,٠١-Apr-٢٠٢٦,161,57713,8050,,65763,,٠١-Apr-٢٠٢٦,161,275668.92,117530,79360,313838.92
٠١-May-٢٠٢٦,161,175745,10465,14015,172195,,٠١-May-٢٠٢٦,161,65763,8050,16100,57713,,٠١-May-٢٠٢٦,161,313838.92,117530,175015,256353.92
٠٢-Jun-٢٠٢٦,161,172195,10465,12800,169860,,٠٢-Jun-٢٠٢٦,161,57713,8050,,65763,,٠٢-Jun-٢٠٢٦,161,256353.92,117530,85250,288633.92
٠١-Jul-٢٠٢٦,161,169860,10465,12725,167600,,٠١-Jul-٢٠٢٦,161,65763,8050,,73813,,٠١-Jul-٢٠٢٦,161,288633.92,117530,85175,320988.92
٠١-Aug-٢٠٢٦,163,167600,10595,12820,165375,,٠١-Aug-٢٠٢٦,163,73813,8150,21038,60925,,٠١-Aug-٢٠٢٦,163,320988.92,118990,107208,332771
